Domain,Industries
dharnashahcpa.com,", Finance, Accounting & Auditing, Tax Preparation & Planning, , Finance, Accounting & Auditing, Other, , Business & Industrial, Small Business, Other, , Reference, Directories & Listings, Business & Personal Listings, , Business & Industrial, Business Finance, Other, , Law & Government, Legal, Legal Services, , Finance, Financial Planning & Management, Other, , Business & Industrial, Business Services, Consulting, , Computers & Electronics, Software, Business & Productivity Software"
cpaaccounting.biz,", Finance, Accounting & Auditing, Tax Preparation & Planning, , Finance, Accounting & Auditing, Other, , Business & Industrial, Small Business, Other, , Business & Industrial, Business Finance, Other, , Law & Government, Legal, Legal Services"
paramount.tax,", Finance, Accounting & Auditing, Tax Preparation & Planning, , Finance, Accounting & Auditing, Other"
clemcollaborative.com,", Finance, Accounting & Auditing, Tax Preparation & Planning, , Finance, Financial Planning & Management, Other, , Finance, Accounting & Auditing, Bookkeeping"
accountingwebsites.org,", Internet & Telecom, Web Services, Web Design & Development, , Internet & Telecom, Web Services, Search Engine Optimization & Marketing, , Finance, Accounting & Auditing, Other, , Business & Industrial, Advertising & Marketing, Marketing, , Finance, Accounting & Auditing, Bookkeeping, , Business & Industrial, Small Business, Other, , Computers & Electronics, Software, Business & Productivity Software, , Business & Industrial, Advertising & Marketing, Other"
uacpa.org,", Finance, Accounting & Auditing, Other, , Business & Industrial, Other, , Jobs & Education, Education, Training & Certification"
metzcpa.com,", Finance, Accounting & Auditing, Tax Preparation & Planning, , Finance, Accounting & Auditing, Other, , Business & Industrial, Business Services, Consulting, , Business & Industrial, Business Operations, Human Resources, , Reference, Directories & Listings, Business & Personal Listings, , Computers & Electronics, Software, Business & Productivity Software, , Business & Industrial, Business Finance, Other"
insognacpa.com,", Finance, Accounting & Auditing, Tax Preparation & Planning, , Business & Industrial, Small Business, Other, , Finance, Accounting & Auditing, Other, , Jobs & Education, Jobs, Job Listings, , Reference, Directories & Listings, Business & Personal Listings, , Business & Industrial, Business Finance, Other, , Finance, Accounting & Auditing, Bookkeeping, , Business & Industrial, Business Services, Consulting, , Shopping, Consumer Resources, Product Reviews & Price Comparisons"
whitleypenn.com,", Finance, Accounting & Auditing, Other, , Finance, Accounting & Auditing, Tax Preparation & Planning, , Business & Industrial, Business Services, Consulting, , Business & Industrial, Business Finance, Other, , Finance, Financial Planning & Management, Other, , Business & Industrial, Business Operations, Management"
iacpa.org,", Finance, Accounting & Auditing, Other, , Business & Industrial, Other, , Jobs & Education, Education, Training & Certification, , Jobs & Education, Education, Colleges & Universities"
arizonataxadvisors.com,", Finance, Accounting & Auditing, Tax Preparation & Planning, , Finance, Investing, Currencies & Foreign Exchange, , Business & Industrial, Business Services, Consulting, , Business & Industrial, Small Business, Other, , Finance, Accounting & Auditing, Other, , Law & Government, Legal, Legal Services, , Reference, Directories & Listings, Business & Personal Listings"
darkhorse.cpa,", Finance, Accounting & Auditing, Tax Preparation & Planning, , Business & Industrial, Business Finance, Other, , Business & Industrial, Small Business, Other, , Business & Industrial, Business Services, Consulting, , Finance, Accounting & Auditing, Other"
accountingaidsociety.org,", Finance, Accounting & Auditing, Tax Preparation & Planning, , People & Society, Social Issues & Advocacy, Charity & Philanthropy, , Business & Industrial, Small Business, Other"
cpadesmoines.com,", Finance, Accounting & Auditing, Tax Preparation & Planning, , Law & Government, Legal, Legal Services, , Business & Industrial, Small Business, Other, , Finance, Accounting & Auditing, Other"
shaulassociates.com,", Finance, Accounting & Auditing, Tax Preparation & Planning, , Business & Industrial, Small Business, Other, , Finance, Accounting & Auditing, Other, , Computers & Electronics, Software, Business & Productivity Software, , Business & Industrial, Business Finance, Other, , Finance, Accounting & Auditing, Bookkeeping, , Business & Industrial, Business Services, Other, , Business & Industrial, Business Services, Consulting"
villegasfirm.com,", Law & Government, Legal, Legal Services, , Finance, Financial Planning & Management, Inheritance & Estate Planning, , Law & Government, Legal, Business & Corporate Law, , Finance, Accounting & Auditing, Tax Preparation & Planning, , Law & Government, Legal, Real Estate Law, , Finance, Accounting & Auditing, Other"
kerberrose.com,", Finance, Accounting & Auditing, Tax Preparation & Planning, , Finance, Accounting & Auditing, Other, , Business & Industrial, Business Operations, Human Resources, , Business & Industrial, Business Services, Consulting, , Business & Industrial, Small Business, Other, , Business & Industrial, Business Services, Other, , Business & Industrial, Business Finance, Other, , Finance, Financial Planning & Management, Other"
performancefinancialllc.com,", Finance, Accounting & Auditing, Tax Preparation & Planning, , Business & Industrial, Small Business, Other, , Finance, Accounting & Auditing, Bookkeeping, , Computers & Electronics, Software, Business & Productivity Software, , Business & Industrial, Business Finance, Other, , Finance, Accounting & Auditing, Other, , Business & Industrial, Construction & Maintenance, Other"
iasiowa.com,", Finance, Accounting & Auditing, Tax Preparation & Planning, , Finance, Accounting & Auditing, Bookkeeping, , Business & Industrial, Business Operations, Human Resources, , Finance, Accounting & Auditing, Other, , Business & Industrial, Small Business, Other, , Computers & Electronics, Software, Business & Productivity Software"
martenscocpa.com,", Finance, Accounting & Auditing, Other, , Finance, Accounting & Auditing, Tax Preparation & Planning"
accountingiowa.com,", Finance, Accounting & Auditing, Tax Preparation & Planning, , Finance, Accounting & Auditing, Other"
millercpaservices.net,", Finance, Accounting & Auditing, Tax Preparation & Planning, , Finance, Accounting & Auditing, Other, , Business & Industrial, Small Business, Other"
desmoines-tax.com,", Finance, Accounting & Auditing, Tax Preparation & Planning, , Finance, Accounting & Auditing, Other, , Business & Industrial, Small Business, Other, , Business & Industrial, Business Operations, Human Resources, , Business & Industrial, Business Services, Other"
pittmancpa.com,", Finance, Accounting & Auditing, Tax Preparation & Planning"
tarbellcpa.com,", Finance, Accounting & Auditing, Tax Preparation & Planning, , Finance, Accounting & Auditing, Other"
rsmcpacorp.com,", Finance, Accounting & Auditing, Tax Preparation & Planning, , Finance, Accounting & Auditing, Other"
accountantsanramonca.com,", Finance, Accounting & Auditing, Other, , Reference, Directories & Listings, Business & Personal Listings, , Finance, Accounting & Auditing, Tax Preparation & Planning, , Shopping, Consumer Resources, Product Reviews & Price Comparisons, , Finance, Accounting & Auditing, Bookkeeping, , Jobs & Education, Jobs, Job Listings"
plannerstax.com,", Finance, Accounting & Auditing, Tax Preparation & Planning, , Finance, Accounting & Auditing, Other"
communitycpa.com,", Finance, Accounting & Auditing, Other, , Finance, Accounting & Auditing, Tax Preparation & Planning, , Business & Industrial, Small Business, Other, , Business & Industrial, Business Finance, Other, , Business & Industrial, Business Operations, Human Resources, , Business & Industrial, Business Services, Other, , Business & Industrial, Business Services, Consulting, , Finance, Accounting & Auditing, Bookkeeping, , Computers & Electronics, Software, Business & Productivity Software"
mbgcpa.com,", Finance, Accounting & Auditing, Tax Preparation & Planning, , Finance, Accounting & Auditing, Other, , Business & Industrial, Small Business, Other, , Business & Industrial, Business Finance, Other, , Business & Industrial, Business Services, Consulting, , Finance, Accounting & Auditing, Bookkeeping, , Finance, Financial Planning & Management, Other"
sarahjonescpa.com,", Finance, Accounting & Auditing, Tax Preparation & Planning, , Finance, Accounting & Auditing, Other, , Finance, Financial Planning & Management, Other"
desmoinestaxes.net,", Finance, Accounting & Auditing, Tax Preparation & Planning, , Business & Industrial, Small Business, Other, , Finance, Accounting & Auditing, Other"
mhcscpa.com,", Finance, Accounting & Auditing, Other, , Business & Industrial, Business Services, Consulting, , Finance, Accounting & Auditing, Tax Preparation & Planning"
